{
  "hash": "b1af1863",
  "configHash": "6a11d4c3",
  "lockfileHash": "721514bd",
  "browserHash": "de7c836b",
  "optimized": {
    "@angular/core": {
      "src": "../../../../../../node_modules/@angular/core/fesm2022/core.mjs",
      "file": "@angular_core.js",
      "fileHash": "0972e978",
      "needsInterop": false
    },
    "@angular/platform-browser": {
      "src": "../../../../../../node_modules/@angular/platform-browser/fesm2022/platform-browser.mjs",
      "file": "@angular_platform-browser.js",
      "fileHash": "be2099b4",
      "needsInterop": false
    }
  },
  "chunks": {
    "chunk-54NG2GMA": {
      "file": "chunk-54NG2GMA.js"
    }
  }
}